{"hypothyroid": 0.04032879527356794, "hyperthyroid": 0.015155407141022348, "no": 0.9445157975854097}