{"hypothyroid": 0.03764988009592326, "hyperthyroid": 0.014148681055155876, "no": 0.9482014388489208}